{"cameraMode":{"drawMode":0,"name":"Shaded","section":"Shading Mode"},"sceneLighting":false,"audioPlay":false,"sceneViewState":{"m_AlwaysRefresh":false,"showFog":true,"showSkybox":false,"showFlares":true,"showImageEffects":true,"showParticleSystems":true,"showVisualEffectGraphs":true,"m_FxEnabled":true},"in2DMode":false,"pivot":{"x":-0.4480195939540863,"y":17.259973526000978,"z":1.335627794265747},"rotation":{"x":-0.22486808896064759,"y":0.004966586362570524,"z":-0.001146627590060234,"w":-0.9743808507919312},"size":4.149407863616943,"orthographic":false}