{"cameraMode":{"drawMode":0,"name":"Shaded","section":"Shading Mode"},"sceneLighting":true,"audioPlay":false,"sceneViewState":{"m_AlwaysRefresh":false,"showFog":true,"showSkybox":true,"showFlares":true,"showImageEffects":true,"showParticleSystems":true,"showVisualEffectGraphs":true,"m_FxEnabled":true},"in2DMode":false,"pivot":{"x":-25.41598129272461,"y":56.046024322509769,"z":-20.82916259765625},"rotation":{"x":-0.29006272554397585,"y":-0.010912531986832619,"z":0.0033071504440158607,"w":-0.9569502472877502},"size":34.87384033203125,"orthographic":false}