{"cameraMode":{"drawMode":0,"name":"Shaded","section":"Shading Mode"},"sceneLighting":false,"audioPlay":false,"sceneViewState":{"m_AlwaysRefresh":false,"showFog":true,"showSkybox":false,"showFlares":true,"showImageEffects":true,"showParticleSystems":true,"showVisualEffectGraphs":true,"m_FxEnabled":true},"in2DMode":false,"pivot":{"x":0.04929620027542114,"y":17.299367904663087,"z":-0.39217376708984377},"rotation":{"x":-0.35396331548690798,"y":-0.0050534154288470749,"z":0.0019120838260278106,"w":-0.9352478981018066},"size":3.2188010215759279,"orthographic":false}